onchain_id,snapshot_id,title,status,snapshot_url,discourse_url,onchain_in_db,snapshot_in_db
0,,# AIP 5: Adding CRV to Aave,executed,,,False,False
1,,# AIP 6: Add Gemini USD (GUSD),executed,,,False,False
2,,# AIP 7: Aavenomics quarterly upgrade,executed,,,False,False
3,,# Adding BAL on AAVE,executed,,,False,False
4,,# Activation of the Aave Balancer Pool Liquidity Staking,executed,,,False,False
5,,# Adding xSushi on AAVE,executed,,,False,False
6,,# desactivation of Aave V1 stable rate borrowing,canceled,,,False,False
7,,# desactivation of Aave V1 stable rate borrowing,executed,,,False,False
8,,# Add renFIL support to Aave,executed,,,False,False
9,,# Enable borrowing on renFIL,executed,,,False,False
10,,# Upgrade Aave V1 repayment for migration tool,executed,,,False,False
11,,# introduce Liquidity Incentives for Aave v2,executed,,,False,False
12,,# Whitelist Curve Liquidity Mining Claim,executed,,,False,False
13,,# Aave Grants DAO,executed,,,False,False
14,,# Aavenomics quarterly upgrade Q2 2021,executed,,,False,False
15,,# Safety Incentives Implementation,executed,,,False,False
16,,# Set Reserve Factors for GUSD and CRV,executed,,,False,False
17,,# Add RAI to Aave V2,executed,,,False,False
18,,# Adding AMPL on AAVE,executed,,,False,False
19,,# Add PAX to Aave V2,executed,,,False,False
20,,# ,canceled,,,False,False
21,,# Extend Liquidity Incentives for Aave v2,executed,,,False,False
22,,# Add BarnBridge (BOND) to Aave,pending,,,False,False
23,,# Raise Maximum Interest Rate on AMPL Market,executed,,,False,False
24,,# Lower Reserve Factor for AMPL,executed,,,False,False
25,,# Dynamic Risk Parameters,executed,,,False,False
26,,# Dynamic Risk Parameters,pending,,,False,False
27,,# Add DPI on Aave V2,executed,,,False,False
28,,# Extend Liquidity Incentives for Aave v2,executed,,,False,False
29,,# Polygon Cross-chain Governance Test,executed,,,False,False
30,,# Liquidation Bonus Updates,executed,,,False,False
31,,# Add FRAX to Aave V2,executed,,,False,False
32,,# Adjust interest rate to account for APY over-approximation,canceled,,,False,False
33,,# LTV and Liquidation Threshold Updates to Moderate Levels,executed,,,False,False
34,,# Update to the Liquidity Mining Distribution,executed,,,False,False
35,,# Add FEI to Aave V2,canceled,,,False,False
36,,# Adjust interest rate to account for APY over-approximation,executed,,,False,False
37,,# Add FEI to Aave V2,executed,,,False,False
38,,# Liquidation Bonus Updates for eleven Aave V2 assets,executed,,,False,False
39,,# Risk Parameter Updates for Aave V2 assets,executed,,,False,False
40,,# Risk Parameter Updates 2021-10-07,executed,,,False,False
41,,# Institute a Voting Delay Period,pending,,,False,False
42,,# Risk Parameter Updates 2021-10-14,executed,,,False,False
43,,# Risk Parameter Updates 2021-10-21,executed,,,False,False
44,,# Disable borrow for xSUSHI and DPI. Freeze reserves for UNI and BAL AMM Markets,executed,,,False,False
45,,# Risk Parameter Updates 2021-11-04,queued,,,False,False
46,,# Q2 Dynamic Risk Parameters,pending,,,False,False
47,,# Aave V2 - Liquidity Mining Program (90 days at 30% reduced rate),executed,,,False,False
48,,# Add Fireblocks as a whitelister on Aave Arc,executed,,,False,False
49,,# Authorize the Guardian to hold the emergency keys for V2,executed,,,False,False
50,,# Q2 Dynamic Risk Parameters,executed,,,False,False
51,,# Add G-UNI to Aave V2 AMM Market,executed,,,False,False
52,,# Renew Aave Grants DAO,executed,,,False,False
53,,# Risk Parameter Updates 2021-12-16,executed,,,False,False
54,,# Risk Parameter Updates 2021-12-29,pending,,,False,False
55,,# Enable FEI as Collateral on Aave V2,executed,,,False,False
56,,# Add Assets to Aave Polygon Market and Update WMATIC Risk Parameters,executed,,,False,False
57,,# Revert ENJ Parameter Changes and Enable FEI as Collateral on Aave V2,executed,,,False,False
58,,# Risk Parameter Updates 2022-02-10,executed,,,False,False
59,,# Add SEBA Bank as a whitelister on Aave Arc,executed,,,False,False
60,,# Aave V2 - Liquidity Mining Update (90 days at 30% reduced rate),executed,,,False,False
61,,# Aave <> Starknet - Phase I,executed,,,False,False
62,,# Add stETH to AAVE v2,executed,,,False,False
63,,# Add ENS to Aave V2,executed,,,False,False
64,,# Risk Parameter Updates 2022-02-24,pending,,,False,False
65,,# Add Terra USD (UST) to AAVE v2,executed,,,False,False
66,,# Continuous Formal Verification,executed,,,False,False
67,,# Risk Parameter Updates 2022-03-22,executed,,,False,False
68,,# Optimizing ETH rates,executed,,,False,False
69,,# Risk Parameter Updates 2022-03-31,executed,,,False,False
70,,# Risk Parameter Updates 2022-04-22,executed,,,False,False
71,,# Approval of BGD contribution to Aave,executed,,,False,False
72,,# Aave Arc Market - Update Asset Listing Risk Parameters,executed,,,False,False
73,,# Renew Aave Grants DAO,executed,,,False,False
74,,# Risk Parameter Updates 2022-05-05,canceled,,,False,False
75,,# Freezing UST and Updating stETH Parameters,executed,,,False,False
76,,# Consolidate Reserve Factors and Enable Borrowing DPI,queued,,,False,False
77,,# Add claimRewardsToSelf() to incentives for Ethereum V2 Aave Market,executed,,,False,False
78,,# Risk Parameter Updates for Aave V2 and Aave Arc (Fireblocks) 2022-05-26,pending,,,False,False
79,,# Consolidate Reserve Factors and Enable Borrowing DPI,executed,,,False,False
80,,# Add CVX to Aave V2,executed,,,False,False
81,,# Risk Parameter Updates for Aave Arc (Fireblocks) 2022-05-26,pending,,,False,False
82,,# Renew allowance of the Aave Safety Module,executed,,,False,False
83,,"# Freeze stETH, Increase stETH Liq. Threshold to 90%, Pause ETH Borrowing",pending,,,False,False
84,,# Risk Parameter Updates for Aave Arc (Fireblocks) 2022-05-26,executed,,,False,False
85,,# Aave <> Starknet - Phase I (Part 2),executed,,,False,False
86,,# Bounty to Hacxyk for fallback oracle misconfiguration,executed,,,False,False
87,,# Strategic Investment Part 1 - BAL <> AAVE Token Swap,executed,,,False,False
88,,# Sigma Prime - Security Assessment Services for Aave,executed,,,False,False
89,,#  Add 1INCH to Aave v2 market,canceled,,,False,False
90,,# Add 1INCH to Aave v2 market,executed,,,False,False
91,,# Appoint Securitize as a Whitelister to Aave Arc,executed,,,False,False
92,,# Risk Parameter Updates for Aave V2 (2022-08-03),executed,,,False,False
93,,# Add MAI to Aave V3 on Polygon,executed,,,False,False
94,,# Risk Parameter Updates for Aave V2 (2022-08-18),executed,,,False,False
95,,# Add LUSD to Aave V2,executed,,,False,False
96,,# FEI Risk Parameter Updates for Ethereum Aave v2 Market,executed,,,False,False
97,,# Pause ETH Borrowing,executed,,,False,False
98,,# V3 Retroactive Funding,executed,,,False,False
99,,# Add stMATIC to Aave v3 pool on Polygon,executed,,,False,False
100,,# Add MaticX to Aave v3 Polygon Pool,executed,,,False,False
101,,# Re-enable ETH Borrowing,executed,,,False,False
102,,# Risk Parameter Updates for Aave V2 (2022-09-22),executed,,,False,False
103,,# Ethereum v2 Reserve Factor - aFEI Holding Update,pending,,,False,False
104,,# Llama <> Aave,executed,,,False,False
106,,# Adjust Aave Governance Level 2 requirements,executed,,,False,False
107,,# Use AAVE Ecosystem Reserve to vote YES on proposal to adjust Level 2 Governance requirements,executed,,,False,False
108,,# Risk Parameter Updates for Aave V2 ETH (2022-10-06),executed,,,False,False
109,,# Whitelist Balancer’s Liquidity Mining Claim,executed,,,False,False
110,,# FEI Reserve Factor Update,executed,,,False,False
111,,# Risk Parameter Updates for Aave V2 ETH (2022-10-21),executed,,,False,False
112,,# Risk Parameter Updates for Aave Polygon Markets (2022-10-21),executed,,,False,False
113,,# Chaos Labs Risk Platform Proposal,executed,,,False,False
114,,# Certora Continuous Formal Verification,executed,,,False,False
115,,# Strategic Partnership with Balancer DAO Part 2 - 100k BAL Acquisition,executed,,,False,False
116,,# Add OP to Aave V3 on Optimism,pending,,,False,False
117,,# Risk Parameter Updates for Aave V2 ETH Market (2022-11-12),executed,,,False,False
118,,# Risk Parameter Updates for Aave V2 ETH Market (2022-11-13),executed,,,False,False
119,,# Risk Parameter Updates for Aave V2 ETH Market (2022-11-13),executed,,,False,False
120,,# Risk Parameter Updates for Aave V2 (2022-11-17),executed,,,False,False
121,,# Risk Parameter Updates for Aave V2 ETH Market (2022-11-22),executed,,,False,False
122,,# Pause LINK Borrowing,executed,,,False,False
123,,# Pause UNI Borrowing,executed,,,False,False
124,,# Risk Parameter Updates for Aave V2 Polygon,executed,,,False,False
125,,# Risk Parameter Updates for Aave v2 Ethereum Liquidty Pool,executed,,,False,False
126,,# Risk Parameter Updates for Aave v2 Polygon,pending,,,False,False
127,,# Aave StarkNet Phase I - Aave <> StarkNet Bridge deployment/activation by Aave governance,executed,,,False,False
130,,"# Set LDO, stMATIC, MaticX and SD Emission_Admin for Polygon v3 Liquidity Pool",executed,,,False,False
131,,# Aave v2 ETH Interest Rate Curve Update,executed,,,False,False
132,,# Freeze Aave V1,executed,,,False,False
133,,# Gauntlet <> Aave Renewal,executed,,,False,False
134,,# Update renFIL rate strategy on Aave v2 Ethereum,executed,,,False,False
135,,# Rewards controller update across V3 pools,executed,,,False,False
136,,# Risk Parameter Updates for Aave v2 Ethereum - LTs and LTVs for Long Tail Assets,executed,,,False,False
137,,"# Risk Parameter Updates for Aave v2 Ethereum - LT and LTV (DAI, USDC)",executed,,,False,False
138,,# Supply/Borrow Cap Updates for Aave v3,executed,,,False,False
139,,# Chaos Labs Aave v2 Coverage,executed,,,False,False
140,,# Risk Parameter Updates for Aave V3 Optimism Market (2022-12-29),executed,,,False,False
141,,# Add OP to Aave V3 on Optimism,executed,,,False,False
142,,# Freeze agEUR on Aave v3 Polygon,pending,,,False,False
143,,# Freeze jEUR on Aave v3 Polygon,executed,,,False,False
144,,# Ethereum v2 Collector Contract Consolidation,executed,,,False,False
145,,# Renew Aave Grants DAO,executed,,,False,False
146,,# Repay Excess CRV Debt on Ethereum v2,executed,,,False,False
147,,# Aave Ethereum V3,executed,,,False,False
148,,# Interest Rate Curve Changes for Aave V2 ETH,executed,,,False,False
149,,# Add cbETH to Aave V3 Ethereum,executed,,,False,False
150,,# Aave v3 Polygon wMATIC Interest Rate Update,executed,,,False,False
151,,# BAL Interest Rate Curve Upgrades,executed,,,False,False
152,,# Add USDT to Aave Ethereum V3 pool,executed,,,False,False
153,,# Add rETH to Aave Ethereum V3 pool,executed,,,False,False
154,,# Add LUSD to Aave Ethereum V3 pool,executed,,,False,False
155,,# Supply/Borrow Cap Updates Polygon and Arbitrum V3,executed,,,False,False
156,,# Update MAI Caps Aave Polygon V3 pool,executed,,,False,False
157,,# LDO - Reward Controller Access Request,executed,,,False,False
158,,# Ethereum v2 - wETH Interest Rate Curve Upgrade,executed,,,False,False
159,,# onboard WSTETH to Aave Optimism V3 pool,executed,,,False,False
160,,# Update xSushi price feed on Aave V2,executed,,,False,False
161,,# increase supply cap for cbETH Aave Ethereum V3,executed,,,False,False
162,,# Freeze BUSD on Aave v2 ETH,executed,,,False,False
163,,# Add wstETH to Arbitrum Aave v3,executed,,,False,False
164,,# Risk Parameter Updates for Aave V3 OP Market (2023-02-16),executed,,,False,False
165,,# Rescue Mission Phase 1 Short Executor,executed,,,False,False
166,,# Rescue Mission Phase 1 Long Executor,executed,,,False,False
167,,# MaticX Risk Parameter & Interest Rate Upgrade,executed,,,False,False
168,,# Add CRV to Ethereum v3,executed,,,False,False
169,,# increase supply cap for wstETH Aave Arbitrum V3,executed,,,False,False
170,,"# Supply/Borrow Cap Updates V3 Arbitrum, Optimism, Polygon",executed,,,False,False
171,,# Risk Parameter Updates Aave V3 Arbitrum,executed,,,False,False
172,,# stMATIC SupplyCap Increase Polygon v3,executed,,,False,False
173,,# increase supply cap for cbETH Aave Ethereum V3,pending,,,False,False
174,,# Risk Parameter Updates for MKR - Aave V2 Ethereum,executed,,,False,False
175,,# CRV Interest Rate Curve Upgrade,executed,,,False,False
176,,# BUSD Offboarding Plan,executed,,,False,False
177,,# GHST Polygon V3 Soft Freeze,executed,,,False,False
178,,# MaticX Supply Cap Increase Polygon v3,canceled,,,False,False
179,,# Disable agEUR borrows on Aave v3 Polygon,executed,,,False,False
180,,# OP Emission_Admin for Optimism v3 Liquidity Pool,canceled,,,False,False
181,,# Supply and Borrow Caps Update - LUSD - v3 Ethereum,executed,,,False,False
184,,# Activate Emode for cbETH Aave Ethereum V3,executed,,,False,False
185,,# increase supply cap for cbETH Aave Ethereum V3,executed,,,False,False
186,,# Supply/Borrow Cap Updates V3 Polygon and Arbitrum,executed,,,False,False
187,,# Aave V3 Interest Rate Curve Changes,executed,,,False,False
188,,# Risk Parameter Updates for Aave V3 ETH Market (2023-03-18),executed,,,False,False
189,,# Freeze DPI on V2 Ethereum,executed,,,False,False
190,,# Risk Parameter Updates for Aave V3 ETH and V3 Arbitrum (2023-03-27),executed,,,False,False
191,,# Add LUSD to Aave Optimism V3 pool,executed,,,False,False
192,,# increase supply cap for cbETH Aave Ethereum V3,executed,,,False,False
193,,# Risk Parameter Updates for Aave V2 AMM Market (2023-03-29),pending,,,False,False
194,,# Configure Isolation Mode Borrowable Assets on V3 Ethereum,executed,,,False,False
195,,# Risk Parameter Updates for Aave V2 AMM Market (2023-03-31),executed,,,False,False
196,,# Add DeFi Saver to Aave V3 FlashBorrowers,executed,,,False,False
197,,"# Add UNI, MKR, SNX & BAL to Ethereum v3",executed,,,False,False
198,,"# Isolation Mode Changes for Aave V3 Avalanche, Polygon, and Arbitrum",executed,,,False,False
199,,# Increase wMATIC Supply Cap & BAL Borrow Cap,executed,,,False,False
200,,# Increase wstETH Borrow Cap on V3 Arbitrum (4/5/2023),executed,,,False,False
201,,# Add LDO to Ethereum Aave v3,executed,,,False,False
202,,# ACI Service Provider Proposal,executed,,,False,False
203,,# Aave v2/v3 Collectors unification,executed,,,False,False
204,,# Update AAVE V3 ETH Risk Parameters,executed,,,False,False
205,,# Supply/Borrow Cap Updates V3 Arbitrum,pending,,,False,False
206,,# Risk Parameter Updates Aave V3 Optimism,executed,,,False,False
207,,# Risk Parameter Updates for Aave V3 Polygon (2023-04-21),executed,,,False,False
208,,# Upgrade Aave V3 pools to Aave V3.0.2,canceled,,,False,False
209,,# Increase SupplyCap stMATIC Polygon & wETH Arbitrum,executed,,,False,False
210,,# Add wstETH to Polygon Aave v3,executed,,,False,False
211,,# BAL Interest Rate Upgrade,executed,,,False,False
212,,# Aave Metis V3,executed,,,False,False
213,,# Upgrade Aave V3 pools to Aave V3.0.2,executed,,,False,False
214,,# Upgrade the safety module to v1.5 PART 1,executed,,,False,False
215,,# Gauntlet Recommendations for Polygon V3 and Arbitrum V3,executed,,,False,False
216,,# Risk Parameter Updates Aave V3 Polygon,canceled,,,False,False
217,,# Supply and Borrow Cap Updates Aave V3,canceled,,,False,False
218,,# Add MAI to Aave Optimism V3 pool,executed,,,False,False
219,,# Add MAI to Aave Arbitrum V3 pool,executed,,,False,False
220,,# MaticX Supply Cap Increase Polygon v3 and AGD Approval,pending,,,False,False
221,,# Upgrade the safety module to v1.5 PART 2,executed,,,False,False
224,,# Aave V2 Interest Rate Curve Changes (4/21),executed,,,False,False
225,,# LST Supply Cap Increase Polygon & Arbitrum,executed,,,False,False
226,,# Risk Parameter Updates for Ethereum v3 (05/09/2023),executed,,,False,False
227,,# Aave V3 Interest Rate Curve Changes (4/27),executed,,,False,False
228,,# AGD Approval,executed,,,False,False
229,,# MaticX Supply Cap Increase Polygon v3,executed,,,False,False
230,,# Fix rate strategies issue on Aave v2 Polygon,executed,,,False,False
231,,# wMATIC Supply & Borrow Cap Increase Polygon v3,executed,,,False,False
232,,# Activate Emode for rETH Aave Ethereum V3,executed,,,False,False
233,,"# Aave Stablecoin E-mode changes for V3 Avalanche, Optimism, Polygon, and Arbitrum",executed,,,False,False
234,,# Caps Plus Risk Steward,executed,,,False,False
235,,# DeFi Saver Aave V3 FlashBorrowers Whitelist Part II,executed,,,False,False
236,,# Price feeds operational update,executed,,,False,False
237,,#  BUSD Offboarding Plan Part II,executed,,,False,False
238,,"#  Update Mai Token implementations, unpause & enable flashloanable",executed,,,False,False
239,,# Deprecate Aave V2 AMM Market,executed,,,False,False
240,,# Add LUSD to Arbitrum Aave V3,pending,,,False,False
241,,#  Polygon Supply Cap Update,executed,,,False,False
242,,# Add rETH to Arbitrum Aave v3,executed,,,False,False
244,,# Add ENS to Aave V3 Ethereum,executed,,,False,False
245,,# Add 1INCH to Aave V3 Ethereum,executed,,,False,False
246,,# Risk Parameter Updates for AAVE V2 Ethereum,pending,,,False,False
247,,# Risk Parameter Updates Aave V3 Ethereum,executed,,,False,False
248,,#  Price feeds operational update Pt2 - stETH,executed,,,False,False
249,,#  Treasury Management - Acquire B-80BAL-20WETH,canceled,,,False,False
250,,#  Polygon v2 - Parameter Update,executed,,,False,False
251,,#  Add Native USDC To Arbitrum V3 Pool,executed,,,False,False
252,,#  Chaos Labs V2 to V3 Migration Next Steps,executed,,,False,False
253,,#  Freeze TUSD Reserve on Aave V2 Ethereum,executed,,,False,False
254,,#  Chaos Labs - Payment Collection Request,executed,,,False,False
255,,#  Chaos Labs Risk Parameter Updates - CRV Aave V2 Ethereum,executed,,,False,False
256,,# Lower TUSD LT and LTV on Aave V2,executed,,,False,False
257,,#  Optimism - Create ETH eMode Category,executed,,,False,False
258,,#  Optimism - Create ETH eMode Category,canceled,,,False,False
259,,#  Add FRAX Arbitrum Aave v3 ,executed,,,False,False
260,,#  Add FRAX Ethereum Aave v3 ,executed,,,False,False
261,,#  Treasury Managemet - Acquire wstETH & rETH,executed,,,False,False
262,,#  Price feeds operational update Pt2.5 - wstETH,executed,,,False,False
263,,#  Gas Rebate for Recognized Delegates,executed,,,False,False
264,,#  Chaos Labs Risk Parameter Update - CRV Aave V3 Polygon,executed,,,False,False
265,,#  Chaos Labs - Increase wstETH Supply Cap on V3 Arbitrum,executed,,,False,False
266,,#  Ethereum v2 - Parameters Update,executed,,,False,False
267,,#  Treasury Management - Acquire B-80BAL-20WETH,executed,,,False,False
268,,# GHO Mainnet Launch,executed,,,False,False
269,,"# Gauntlet Cap Updates for Ethereum, Optimism Aave v3",executed,,,False,False
270,,#  Add RPL to Aave V3 Ethereum pool,executed,,,False,False
271,,#  Make USDT a collateral for Aave V3 ETH Pool,executed,,,False,False
272,,#  Chaos Labs Risk Parameter Updates - Aave V2 Ethereum,executed,,,False,False
273,,#  add ARB to Aave V3 Arbitrum Pool,executed,,,False,False
274,,#  Bug Bounty May 2023,executed,,,False,False
275,,#  Add rETH Aave v3 Optimism,executed,,,False,False
276,,#  MaticX Polygon Supply Cap Update,pending,,,False,False
277,,"# Gauntlet Risk Parameter Updates for Ethereum v3, Arbitrum v3, Ethereum v2",executed,,,False,False
278,,#  MaticX Polygon Supply Cap Update,executed,,,False,False
279,,#  Chaos Labs Risk Parameter Update - MAI Aave V3,executed,,,False,False
280,,#  Chaos Labs Risk Parameter Updates - CRV Aave V2 Ethereum,canceled,,,False,False
281,,#  Set Metis Foundation Wallet as Emission Manager for METIS Token on Aave V3 Metis Pool,executed,,,False,False
282,,#  Acquire More aUSDC on Aave Ethereum Collector,executed,,,False,False
283,,#  Chaos Labs Risk Parameter Updates - FEI on Aave V2 Ethereum,executed,,,False,False
284,,#  Reserve Factor Updates - Polygon Aave v2,executed,,,False,False
285,,#  TUSD offboarding plan,executed,,,False,False
286,,# Gauntlet Recommendation for CRV LTV -> 0 on Aave v2 Ethereum,executed,,,False,False
287,,#  Cancel Llama Streams,executed,,,False,False
288,,"# Gauntlet Recommendation to reduce CRV LT, LTV, debt ceiling on V3 Ethereum and CRV LT, LTV on V3 Polygon",executed,,,False,False
289,,#  aCRV OTC Deal,executed,,,False,False
290,,#  [ARFC] Increase MaticX supply cap,canceled,,,False,False
291,,#  TUSD offboarding plan,pending,,,False,False
292,,#  Reduce CRV LT by 6%,executed,,,False,False
293,,#  Disable CRV Borrowing For Ethereum and Polygon V3,executed,,,False,False
294,,#  BUSD Offboarding Plan Part III,executed,,,False,False
295,,#  Supply Cap increase - wstETH,executed,,,False,False
296,,#  LUSD collateral activation,executed,,,False,False
297,,# Gauntlet Recommendation to Freeze CRV on Aave v2 Ethereum,executed,,,False,False
298,,#  stataToken operational update,executed,,,False,False
299,,#  Aave v3 Base Activation,executed,,,False,False
300,,#  Supply Cap Update - stMATIC Polygon v3,executed,,,False,False
301,,#  [ARFC] Increase MaticX supply cap,executed,,,False,False
302,,#  Swap assets to aUSDC,executed,,,False,False
304,,#  Chaos Labs Scope and Compensation Amendment,executed,,,False,False
305,,#  CRV Aave V2 Ethereum - LT Reduction,executed,,,False,False
306,,#  sDAI onboarding,executed,,,False,False
307,,#  Gho unpause and freezing,executed,,,False,False
308,,#  GHO update on Aave V3 Ethereum Pool,executed,,,False,False
309,,#  Chaos Labs Risk Parameter Updates - Aave V3 Optimism,executed,,,False,False
310,,#  Funding Aave Robot for Governance V2 Automation,executed,,,False,False
311,,#  Aave BGD Phase 2,executed,,,False,False
312,,#  Reserve Factor Updates - Polygon Aave v2,executed,,,False,False
313,,#  Sigma Prime Audit Budget Extension,executed,,,False,False
314,,#  SupplyCapLSTs,pending,,,False,False
315,,#  Chaos Labs Risk Parameter Updates,executed,,,False,False
316,,#  Quarterly Gas Rebate Distribution August 2023,executed,,,False,False
317,,#  AURA OTC Deal,executed,,,False,False
318,,"# Freeze MAI/MIMATIC, set LTV -> 0 for Arbitrum, Avalanche, Polygon, Optimism v3",executed,,,False,False
319,,#  Freeze Stewards,executed,,,False,False
320,,#  Chaos Labs Risk Parameter Updates _ Aave V3 Ethereum,executed,,,False,False
321,,"# Gauntlet recommendation to set MAI/MIMATIC isolated debt ceiling to 0 for Arbitrum, Avalanche, Polygon, Optimism v3",canceled,,,False,False
322,,#  Aave V3 Ethereum MKR Debt Ceiling Update,executed,,,False,False
323,,#  GHO Borrow Rate Update,executed,,,False,False
324,,"#  Rescue Mission Phase 2, 3",executed,,,False,False
325,,#  Aave <> Immunefi program activation,executed,,,False,False
326,,#  CRV Aave V2 Ethereum LT Reduction,executed,,,False,False
327,,"# Gauntlet recommendation to set WETH slope 1 to 3.3% on v3 markets, excluding Ethereum v3",executed,,,False,False
329,,#  TokenLogic Service Provider Proposal,canceled,,,False,False
331,,#  Aave treasury RWA Allocation Part I,executed,,,False,False
332,,#  Expansion of Orbit,executed,,,False,False
333,,#  Treasury Management - Create AGD GHO Allowance,executed,,,False,False
334,,#  Reserve Factor Updates - Polygon Aave v2,executed,,,False,False
335,,#  Treasury Management - Polygon v2 to v3 Migration ,executed,,,False,False
336,,#  TUSD Offboarding Plan Part II,executed,,,False,False
337,,#  OP Risk Parameters Update,executed,,,False,False
338,,#  Add DebtSwapAdapter as FlashBorrower,executed,,,False,False
339,,#  Gauntlet Recommendations to Lower stMATIC/MaticX non-emode LT/LTV on Polygon v3,executed,,,False,False
340,,"#  Gauntlet Recommendations to Lower WETH Variable Base to 0 on Arbitrum, Optimism v3",executed,,,False,False
341,,"#  v2 Deprecation Plan, 2023.10.03",executed,,,False,False
342,,#  STG onboarding on AaveV3 Ethereum Market,executed,,,False,False
343,,#  Fund GHO Liquidity Committee,executed,,,False,False
344,,#  KNC onboarding on AaveV3 Ethereum market,executed,,,False,False
345,,#  Governance V3 Activation,canceled,,,False,False
346,,#  TokenLogic Hohmann Transfer,executed,,,False,False
347,,#  GHO Funding,executed,,,False,False
348,,#  Enable borrow of OP token,executed,,,False,False
349,,#  Futher Increase GHO Borrow Rate,executed,,,False,False
350,,# Events Funding,executed,,,False,False
351,,#  Prices operational update. Unify disabled fallback oracles,executed,,,False,False
352,,#  Enhancing Aave DAO’s Liquidity Incentive Strategy on Balancer,executed,,,False,False
353,,#  Reserve Factor Update October 2023,executed,,,False,False
354,,#  Transfer Assets From Polygon To Ethereum Treasury,executed,,,False,False
355,,#  Governance v2.5 Activation,executed,,,False,False
356,,#  ACI Phase II,executed,,,False,False
357,,#  Aave v3 Gnosis Activation,executed,,,False,False
358,,#  Disable Stable Borrows,executed,,,False,False
359,,#  Multichain Stable Debt Token Upgrades,executed,,,False,False
360,,#  Chaos Labs Risk Management Renewal,executed,,,False,False
361,,#  Liquidations Grace Sentinel activation,executed,,,False,False
362,,#  Aave V2 Ethereum LT Reduction,executed,,,False,False
363,,#  Activate Freezing Steward on v3 missing networks,executed,,,False,False
364,,#  Fixed REP price feed on AAVE v1,executed,,,False,False
365,,#  GHO - Increase Borrow Rate,executed,,,False,False
366,,#  AmendSafetyModuleAAVEEmissions,queued,,,False,False
367,,#  Reserve Factor Updates - Polygon Aave v2,executed,,,False,False
368,,#  Upgrade Aave V3 ETH Poool wETH parameters,executed,,,False,False
369,,#  Chaos Labs CRV Aave V3 Polygon LT Reduction,executed,,,False,False
370,,#  wMATIC Interest Rate Update,executed,,,False,False
372,,#  Add FXS to Ethereum V3,executed,,,False,False
373,,#  TokenLogic Funding,executed,,,False,False
374,,#  Treasury Management - Add to rETH Holding,executed,,,False,False
375,,#  Increase Stablecoin Optimal Borrow Rates,executed,,,False,False
376,,"#  MAI/MIMATIC deprecation, 2023.10.31",executed,,,False,False
377,,"#  Gauntlet recommendation to lower stMATIC, MaticX non-emode LT, pt 2",executed,,,False,False
378,,#  CRVUSD onboarding on Aave V3 Ethereum,executed,,,False,False
379,,#  Chaos Labs Risk Parameter Updates - Increase MKR Debt Ceiling on V3 Ethereum,executed,,,False,False
380,,#  Gauntlet Cap Recommendations for Polygon v3,executed,,,False,False
381,,#  Increase GHO Borrow Rate,executed,,,False,False
382,,#  Onboard Native USDC to Aave V3 Optimism,executed,,,False,False
383,,"#  V2 Deprecation Plan, 2023.11.20",executed,,,False,False
385,,#  AmendSafetyModuleAAVEEmissions,executed,,,False,False
386,,#  Allow Emergency Admin to freeze on Aave V2,executed,,,False,False
388,,,executed,,,False,False
390,,#  Onboarding wstETH to Aave V3 on Base Network,canceled,,,False,False
391,,#  Update PriceOracleSentinel,executed,,,False,False
392,,#  Aave Funding Updates,executed,,,False,False
393,,#  Reserve Factor Updates - Polygon Aave v2,executed,,,False,False
395,,#  Aave Governance V3 Activation,executed,,,False,False
396,,#  Gauntlet <> Aave Renewal 2023,executed,,,False,False
397,,#  Chaos Labs RF and IR Updates - Aave V2 Ethereum,executed,,,False,False
398,,#  Transfer AURA to GLC Safe,executed,,,False,False
399,,#  GHO update on Aave V3 Ethereum Pool for 13/11/2023 Report,executed,,,False,False
400,,#  Gauntlet recommendation to reactivate CRV borrowing on v3,executed,,,False,False
401,,#  Sync emergency admin on v2 AMM,executed,,,False,False
402,,#  Activate Proof of Reserve,executed,,,False,False
403,,#  Treasury Management - Add to rETH Holding (resubmission),executed,,,False,False
404,,#  Chaos Labs V2 Ethereum and Polygon LT Reductions,executed,,,False,False
405,,#  Increase Polygon wstETH Supply Cap,executed,,,False,False
406,,#  Increase GHO Borrow Rate 100 bps to ~6.41% on Aave V3,executed,,,False,False
407,,#  TokenLogic & karpatkey Service Provider Partnership,executed,,,False,False
408,,#  Polygon V2 Reserve Factor Updates,executed,,,False,False
409,,#  Onboard Native USDC to Aave V3 Markets,executed,,,False,False
410,,#  Continuous Security Proposal Aave <> Certora,executed,,,False,False
411,,#  Update GNO Risk Parameters on Aave V3 Gnosis Pool,executed,,,False,False
412,,#  Transfer all CRV positions from Ethereum Mainnet Collector to GLC Safe,executed,,,False,False
413,,#  Request for Bounty Payout - December 2023,executed,,,False,False
414,,#  Treasury Management - Polygon v2 to v3 Migration,executed,,,False,False
415,,#  Aave Governance V3 Activation Short,canceled,,,False,False
416,,#  Aave Governance V3 Activation Short,executed,,,False,False
